22may21, 27may21, 26may21, 
23may21, 27may21, 26may21, 
24may21, 27may21, 26may21, 
25may21, 27may21, 26may21, 
26may21, 27may21, 25may21, 
27may21, 26may21, 25may21, 
365, o365, 
AAD, AD, 
academic, academic_mentor, admin, 
academic_mentor, academic, 
access, db_access, ess, 
access_change, name_change, password_change, 
accommodation, accomodation, automation, 
accomodation, accommodation, automation, 
account, Account, lab_account, 
Account, account, new_Account, 
account_creation, ad-accont-creation-, account_frozen, 
account_expired, account_locked, account_frozen, 
account_frozen, account_creation, account_locked, 
account_locked, account_frozen, account_expired, 
Accouting, Account, account, 
Activation, creation, Authentication, 
ActiveDirectory, Directory, staff_directory, 
ad, add, card, 
AD, AAD, 
ad-accont-creation-, ad-accont-creation-apu-apiit, account_creation, 
ad-accont-creation-apu-apiit, ad-accont-creation-, account_creation, 
add, ad, Add, 
Add, add, Ads, 
add_attendances, attendances, attendance, 
add_guest, guest, add_module, 
add_intake, add_intakw, intake, 
add_intakw, add_intake, intake, 
add_module, module, Nepal_module, 
adhoc, ad_hoc, adHoc, 
ad_hoc, adhoc, adHoc, 
adHoc, adhoc, ad_hoc, 
ad_hoc_report, adhoc_report, report, 
adhoc_report, ad_hoc_report, report, 
AD_MEMBER, MEMEBER, MEMBER-AD, 
admin, domain, ExamAdmin, 
adobe, adobeCC, Adobe, 
Adobe, adobe, obe, 
adobeCC, adobe, Adobe, 
Ads, Add, 
Advertisement, Assesment, revert_mentor, 
agent, payment, assignment, 
aging, mailing, loading, 
Aging_Report, Report, progression_report, 
Airasia, Appraisal, 
airportal, report, Virtual, 
ALie, ie, Listed, 
alternative_assessment, assessment, 
amos, teams, Teams, 
AMR, SAR, RAM, 
announcement, assignement, appointment, 
apay, apca, apface, 
apca, apay, apspc, 
APcard, APCard, card, 
APCard, APcard, Card, 
apface, finance, APSpace, 
API, APU, 
api_error, error, Human_error, 
APiX, APlink, APTime, 
APLC, PLECS, PL, 
APlink, APiX, 
application, exit_application, leave_application, 
appointment, appointment_cancelled, pointer, 
appointment_cancelled, appointment, Maintenance, 
Appraisal, staff_appraisal, Airasia, 
AppRegistration, Registeration, reorganisation, 
APQuest, MyQuest, guest, 
apres, are, resit, 
APSpace, APSpace_Admin, WorkSpace, 
APSpace_Admin, APSpace_Admin_SS, APSpace_Admin_Academic, 
APSpace_Admin_Academic, APSpace_Admin, APSpace_Admin_SS, 
APSpace_Admin_SS, APSpace_Admin, APSpace_Admin_Academic, 
apspc, mspc, apca, 
APTime, UniTime, APiX, 
APU, MAPCU, API, 
APUWebsites, Website, 
Archive, driver, Xdrive, 
are, azure, apres, 
assemment_log, assessment_code, assessment, 
Assesment, assessment, Assignment, 
assessment, Assesment, assessment_code, 
assessment_code, assessment_scheme, assessment, 
assessment_configurator, course_configurator, assessment_code, 
assessment_scheme, assessment_code, assessment_setting, 
assessment_setting, assessment_scheme, assessment_code, 
asset, headset, assignment, 
assignee, assignement, assignment, 
assignement, assignment, Assignment, 
assignment, assignement, Assignment, 
Assignment, assignment, assignement, 
assistant, Pakistan, atlassian, 
asterix, master, attendix, 
atlassian, assistant, 
attendance, attendances, add_attendances, 
attendances, attendance, add_attendances, 
attendances_transfer, attendances, attendance, 
attendix, attendance, asterix, 
attestation, testing, investigation, 
audir, audit, Laundry, 
audit, audir, Audit, 
Audit, audit, MyRAAudit, 
Audit_finance, finance, transfer_finance, 
Audit(Myra), Audit, 
Auditorium, Audit, 
Authentication, Activation, Orientation, 
automation, automation_studio, accomodation, 
automation_studio, automation, 
Autoreply, noreply, no_reply, 
AWS_Workspace, Workspace, workspace, 
azure, Azure, are, 
Azure, azure, 
backend, Backend, blocked, 
Backend, backend, 
batery, battery, batter, 
batte, batter, battery, 
batter, battery, batte, 
battery, batter, batery, 
beta, setara, Netcad, 
BiosVersion, session, OBE_Class_Version, 
BitBucket, ticket, view_ticket, 
blacklist_modules, Nepal_module, 
Blank, PGDBank, 
block, lock, blocked, 
blocked, block, lock, 
booking, working, 
Browser, old_browser, 
bud, bug, 
bug, bugs, bud, 
Bug, bug, Bus, 
bugs, bug, ebus, 
bulkclasscreation, Declaration, creation, 
bursary, library, Library, 
Bus, Bug, 
byod_reset, reset, password_reset, 
Cable, tablet, disable, 
cache, cancel, photocache, 
cadcam, card, 
calcelled_email, canceled, 
camera, charger, myra, 
cancel, canceled, cache, 
canceled, cancel, visa_cancel, 
card, APcard, Card, 
Card, IDCard, APCard, 
careercentre, revert_mentor, correct-entry, 
cas, class, chats, 
Cashier, Cashless, master, 
Cashless, Cashier, slowness, 
certificate, Notification, 
CGPA, ICGPA, 
change, charger, name_change, 
Change_date, _date, Parking_Gate, 
change_lecturer, lecturer, ov_lecturer, 
change_module_code, wrong_module_code, upgrade_module_code, 
change_request, new_request, Wrong_request, 
charger, Charger, change, 
Charger, charger, ChargingPort, 
ChargingPort, Charger, 
chats, cas, class, 
class, Class, css, 
Class, class, Classroom, 
ClassCode, Class, Classroom, 
classcode_issue, classcode_missing, user_issue, 
classcode_missing, classcode_issue, record_missing, 
class_not_found, classroom_finder, class_setup, 
classroom, classroom_, Classroom, 
classroom_, classroom, Classroom, 
Classroom, classroom, classroom_, 
classroom_finder, classroom_, classroom, 
classroom_setup, class_setup, classroom_, 
class_setup, classroom_setup, course_setup, 
Clicker, ticket, Docker, 
CloneAction, OU_location, Reallocation, 
cloned, loundry, blocked, 
Cluster, user, Computer, 
code, xcode, mode, 
collection_issue, connection_issue, Exception_system, 
commission_list, distribution_list, missing_intake, 
Complaint, Compliance, domain, 
completion_letter, collection_issue, 
Compliance, Complaint, 
Computer, Cluster, Home_Router, 
Configurator, misconfiguration, course_configurator, 
confirmation, confirmation_slip, misconfiguration, 
confirmation_slip, confirmation, misconfiguration, 
connection_issue, collection_issue, Exception_system, 
corporate_training, reportnotrunning, 
correct-entry, careercentre, country, 
cortana, Stanza, 
Cost, iConsult, Hostel, 
cost_centre, careercentre, 
country, loundry, account, 
Coures, Course, course, 
course, Course, New_course, 
Course, course, Coures, 
course_configurator, assessment_configurator, Configurator, 
course_name, username, course_sync, 
course_offered, course_name, course_setup, 
Course_Schedule, schedule, FeeSchedule, 
course_setup, course_sync, course_name, 
course_sync, course_name, course, 
CR, CRF, 
Create, repeated, relocate, 
create_view, new_view, creation, 
creation, renovation, Orientation, 
CRF, CR, 
css, class, sas, 
dashboard, HoS_Dashboard, Examboard, 
data, matla, database, 
database, e-database, e-databas, 
DataMigration, Migration, Declaration, 
_date, update, Update, 
db_access, access, gateway_access, 
dbeaver, driver, device, 
db_maintenance, Maintenance, maintenance-forms, 
decimal, email, Recall, 
Declaration, creation, DataMigration, 
delete, deleted_te, intake_delete, 
deleted_te, delete, 
Desktop, Desktp, 
Desktp, Desktop, test, 
device, evidence, invoice, 
dhason, done, 
dingdong, DingDong, 
DingDong, dingdong, replyToDingDong, 
Directory, ActiveDirectory, staff_directory, 
disable, disbled, disabling, 
disabling, disable, missing, 
disbled, disable, disabling, 
Displayname, visa_payment, 
dissertation, Registeration, installation, 
distribution_list, commission_list, 
DMU, EDM, 
DNs, KDN, DNS, 
DNS, KDN, DNs, 
Docker, voucher, blocked, 
document, announcement, 
domain, Complaint, automation, 
done, none, None, 
Done, none, done, 
DONE, TONER, 
driver, Xdrive, Server, 
Drupal, Virtual, 
duplicate, Duplicate, Duplicated, 
Duplicate, Duplicated, duplicate, 
duplicate_collection, duplicate_record, passport_collection, 
Duplicated, Duplicate, duplicate, 
duplicate_record, duplicate, Duplicated, 
EAC_audit, audit, Audit, 
Easymoo, moo, 
ebus, bugs, 
EC, EC2, MDEC, 
EC2, EC, 
e-databas, e-database, database, 
e-database, e-databas, database, 
EDM, EMR, EDX, 
EDX, EDM, 
e-form, e-forms, eforms, 
eforms, e-forms, forms, 
e-forms, eforms, e-form, 
E-forms-access, access, 
efrei, refresh, resit, 
ejbm, Webcam, 
ELB, LAB, 
Electivemodule, module, 
email, emailto, Email, 
Email, email, mailing, 
email_change, name_change, change, 
email_creation, creation, email_change, 
Email_group, group, Email, 
emailpolicy, emailto, email, 
emailto, email, emailpolicy, 
empty, Template, 
EMR, ERP, EDM, 
Enabled, Cable, tablet, 
Engine, Engineering, none, 
Engineering, Engine, 
Enquiry, Inquiry, Fee_Enquiry, 
enrol, role, General, 
e-openday, open_day, 
e-orientation, Orientation, renovation, 
e-payslip, Payslip, 
erp, rep, 
ERP, EMR, 
error, api_error, Human_error, 
ess, sas, css, 
ESS, SSO, SSL, 
e-start, restart, status, 
Event, Event_list, agent, 
Event_list, not_lis, Event_request, 
Event_request, new_request, feature_request, 
event_submission, submission, passport_submission, 
evidence, device, revenue, 
exam, Team, Exam, 
Exam, exam, ExitStamp, 
ExamAdmin, admin, Exam, 
Examboard, dashboard, Exam, 
exam_release_date, release_letter, 
exam_schedule, exam_schedule_admin, student_exam_schedule, 
exam_schedule_admin, exam_schedule, student_exam_schedule, 
ExamSchedulingSystem, Scheduling, Exception_system, 
excel, Excel, exclude, 
Excel, excel, xcode, 
exception, creation, Exception_system, 
Exception_system, exception, connection_issue, 
exclude, xcode, excel, 
exercise, excel, 
Exit, ExitStamp, Export, 
exit_application, application, leave_application, 
exit_application_immigration, exit_application, visanimmigration, 
ExitStamp, Exit, Exam, 
Export, report, Report, 
external, external_HDD, General, 
external_HDD, external, 
External_Monitor, Monitor, 
Face-Thermal, Thermal, 
failed, profile, disbled, 
False, asset, Cable, 
feature, lecturer, azure, 
feature_request, Event_request, new_request, 
fee, fees, Fee, 
Fee, Fees, fee, 
Fee_Enquiry, Enquiry, Inquiry, 
fee_guide, guide, FeeGuide, 
FeeGuide, fee_guide, guide, 
fee_payment, payment, visa_payment, 
fee_reminder, reminder, Reminder, 
fees, fee, Fees, 
Fees, Fee, fees, 
FeeSchedule, schedule, Course_Schedule, 
finalize, finance, 
final_mark_calculation, marks_calculation, virtual_graduation, 
finance, Finance, insurance, 
Finance, finance, insurance, 
Firewall, renewal_list, 
Flexclassroom, classroom, classroom_, 
flight_schedule, schedule, exam_schedule, 
font, monthy, 
fora, forms, Infra, 
forget_password, gims_password, password, 
Format, fora, 
forms, eforms, e-forms, 
forwarding, loading, grading, 
FPX, FYP, 
Frontend, FrontEnd, monthend, 
FrontEnd, Frontend, monthend, 
FYP, FPX, 
gateway_access, db_access, access, 
General, nepal, external, 
GIMS, OBE_GIMS, 
gims_password, password, forget_password, 
gra.., grade, 
gradaution_diploma, graduation, graduation_exception, 
grade, upgrade, graduate, 
grading, Grading, loading, 
Grading, grading, loading, 
grading_scheme, grading, graduation_fee, 
graduate, graduates, graduation, 
graduates, graduate, graduation, 
graduate_verification, GraduateVerification, graduation, 
GraduateVerification, graduate_verification, Graduation, 
graduation, Graduation, graduation_fee, 
Graduation, graduation, graduation_fee, 
graduation_exception, graduation_fee, graduation, 
graduation_fee, graduation, graduation_exception, 
group, Group, Email_group, 
Group, group, 
guest, add_guest, test, 
guide, fee_guide, FeeGuide, 
hardware, Hardware, 
Hardware, hardware, 
headcount, account, headset, 
Headphones, phone, telephone, 
headset, reset, asset, 
Health, unhealthy, emailto, 
Helpdesk, ITHelpdesk, 
hoc, adhoc, ad_hoc, 
Hold, old, solved, 
Home_Router, Computer, 
HoS_Dashboard, dashboard, HOS_Jasper_dashboard, 
HOS_Jasper_dashboard, HoS_Dashboard, dashboard, 
Hostel, Hold, Cost, 
Human_error, api_error, error, 
Hybrid, HybridClass, 
HybridClass, Hybrid, Class, 
IBM, IRB, IMF, 
ICGPA, CGPA, 
icie, incident, ie, 
iConsult, Cost, 
IDCard, Card, APCard, 
ie, view, item, 
IMF, MFA, IBM, 
Improvement, UI_Improvement, 
inbox, Mailbox, linux, 
incident, icie, 
Infomax, Infra, 
Infra, fora, Infomax, 
Inquiry, Enquiry, query, 
insert, internet, printer, 
installation, Installation, investigation, 
Installation, installation, Reallocation, 
insurance, finance, Finance, 
intake, add_intake, intake_search, 
intake_delete, intake_setting, intake, 
intake_search, intake_setting, intake, 
intake_setting, wrong_intake_setting, wrong_setting, 
intake_transferred, visa_transfer, intake_search, 
interim, Interim, item, 
Interim, interim, Internship, 
InterimTranscript, WebInterimTranscript, Transcript, 
International, international_MOHE_List, Internet, 
international_MOHE_List, International, 
internet, Internet, insert, 
Internet, internet, Intune, 
internship, Internship, interim, 
Internship, internship, Interim, 
Intune, Internet, Interim, 
investigation, investigations, security_investigation, 
investigations, investigation, security_investigation, 
invoice, office, device, 
iot, not, Not, 
IRB, IBM, 
iSpring, printing, print, 
issue, non-issue, user_issue, 
isuc, issue, insurance, 
item, interim, title, 
ITHelpdesk, Helpdesk, 
Jasper, paper, Paper, 
jaspersoft, Jasper, 
jia, jira, 
jira, jia, 
jsmp, smtp, 
junk, unlock, 
KDN, DNs, DNS, 
Keyboard, whiteboard, 
Kiosk, Krisp, 
koha, Koha, 
Koha, koha, 
Krisp, Kiosk, 
Lab, Labs, Lambda, 
LAB, LABS, ELB, 
lab_account, account, Account, 
label_test, tablet, 
Labs, Lab, Lambda, 
LABS, LAB, 
LabSoftware, Software, software, 
labview, Labview, view, 
Labview, labview, view, 
Lambda, Lab, Labs, 
laptop, Laptop, New_Laptop, 
Laptop, laptop, New_Laptop, 
LaptopBattery, Laptop, battery, 
Laundry, loundry, audir, 
LBEF_Lecturer, ov_lecturer, lecturer, 
leave_application, exit_application, application, 
lecturer, ov_lecturer, lecturer_code, 
lecturer_code, lecturer, ov_lecturer, 
lecturer_missing, record_missing, lecturer, 
library, Library, bursary, 
Library, library, bursary, 
License, Licensen, Licnese, 
Licensen, License, Licnese, 
licensin, Licensen, License, 
Licnese, License, Licensen, 
linux, login, inbox, 
list, listed, unlistes, 
listed, unlisted, Unlisted, 
Listed, listed, unlisted, 
Load_Class, Class, 
loading, grading, Grading, 
lock, block, unlock, 
login, Login, loading, 
Login, login, Logistic, 
Logistic, tech_logistic, Login, 
loundry, country, Laundry, 
mac, magic, mac_lab, 
mac_lab, matlab, matla, 
madex, mode, grade, 
magic, mac, email, 
Mailbox, inbox, 
mailing, missing, email, 
Maintenance, db_maintenance, attendance, 
maintenance-forms, Maintenance, db_maintenance, 
MAPCU, APU, APLC, 
Marketing, Parking, Meetings, 
marks_calculation, final_mark_calculation, remarks_reccommendation, 
Marksheet, Marketing, 
master, asterix, semester, 
maternity, master, batery, 
MathType, type, 
matla, matlab, mac_lab, 
matlab, matla, mac_lab, 
matrix_to_excel_report, ad_hoc_report, 
Maya, Myra, 
MDEC, EC, 
Meetings, Marketing, testing, 
MEMBER-AD, MEMEBER, AD_MEMBER, 
MemberUpdate, Update, Template, 
MEMEBER, MEMBER-AD, AD_MEMBER, 
Mentor, Monitor, Monitor_, 
MentorReallocation, Reallocation, installation, 
MFA, MQA, IMF, 
microsoft, Microsoft, 
Microsoft, microsoft, 
Migration, DataMigration, graduation, 
misconfiguration, confirmation, Configurator, 
missing, missing_fee, mailing, 
missing_fee, missing, missing_profile, 
missing_intake, missing_fee, missing_profile, 
missing_profile, missing_fee, missing_intake, 
mobile, obe, moodle, 
mode, moodle, module, 
module, modules, moodle, 
ModuleName, Modules, module, 
modules, module, Modules, 
Modules, modules, module, 
MOHE, MOUSE, REMOVE, 
Money, none, done, 
monitor, Monitor, Monitor_, 
Monitor, Monitor_, monitor, 
Monitor_, Monitor, monitor, 
monthend, Frontend, monthy, 
monthly_return, monthly_return_script, monthend, 
monthly_return_script, monthly_return, 
monthy, monthend, monitor, 
moo, moveto, moodle, 
moodle, module, Moodle, 
Moodle, moodle, Modules, 
moodle_lock, moodle, 
Moodle-OBE, Moodle, Moodle_OBE_Gims, 
Moodle_OBE_Gims, Moodle-OBE, 
MOUSE, MOHE, 
Mouse_Replacement, Replacement, Screen_Replacement, 
move, moveto, mode, 
movefrom, moveto, move, 
moveto, move, movefrom, 
movienight, moveto, 
MPU_module, module, modules, 
MQA, MFA, 
Ms, s, 
mspc, apspc, 
MS_Project, Projector, project, 
multisite, multism, unlistes, 
multism, multisite, 
mv, move, 
MyQuest, APQuest, guest, 
myra, Myra, camera, 
Myra, myra, 
MyRAAudit, Audit, 
MySQL, SQL, 
Name, NameCh, NameAD, 
NameAD, Name, NameCh, 
NameCh, Name, NameAD, 
name_change, access_change, change, 
nepal, Nepal, nepal_ID, 
Nepal, nepal, nepal_ID, 
nepal_ID, nepal, Nepal, 
Nepal_module, new_module, add_module, 
netbeans, teams, 
Netcad, card, beta, 
netsuite, NetSuite, Website, 
NetSuite, NetSuiteUI, NetSuiteAPI, 
NetSuiteAPI, NetSuiteUI, NetSuite, 
NetSuiteUI, NetSuite, NetSuiteAPI, 
network, Mentor, new, 
new, New, network, 
New, new, New_PL, 
new_Account, Account, account, 
New_course, course, new_user, 
New_Laptop, Laptop, laptop, 
new_list, renewal_list, not_lis, 
new_module, module, Nepal_module, 
New_PL, New, New_Laptop, 
new_programme, programme, new_room, 
new_request, change_request, request, 
new_room, room, new_programme, 
NEW_STAFF, STAFF, 
new_student, student, student_ID, 
new_user, user, new_module, 
new_view, view, create_view, 
no, not, none, 
no_course_version, course_sync, 
non-APU, Non-APU, APU, 
Non-APU, non-APU, APU, 
none, done, None, 
None, none, done, 
non-issue, issue, windows_issue, 
noreply, no_reply, Autoreply, 
no_reply, noreply, Autoreply, 
not, no, iot, 
Not, not, iot, 
Notification, NotificationReply, NotificationDaily, 
NotificationDaily, Notification, NotificationReply, 
NotificationReply, Notification, NotificationDaily, 
not_lis, notlisted, Event_list, 
notlisted, unlisted, Unlisted, 
not-related, notlisted, repeated, 
o365, 365, office365, 
obe, adobe, Adobe, 
OBE, OBE_EMR, 
OBE_Class_Version, BiosVersion, 
OBE_EMR, OBE_GIMS, OBE, 
OBE_GIMS, OBE_EMR, GIMS, 
obe_integration, Migration, investigation, 
OBE_Loading, loading, 
office, office365, profile, 
office365, office, o365, 
old, Hold, solved, 
Old, old, 
old_browser, Browser, 
onboard@apu, roam@apu, 
open_day, e-openday, 
OpenParking, Parking, Parking_Gate, 
OracleReport, report, Report, 
Orientation, e-orientation, renovation, 
othere, Others, voucher, 
Others, othere, test, 
OU_Creation, creation, Orientation, 
OU_location, OU_Creation, Reallocation, 
outlook, Outlook, outlook@AWS, 
Outlook, outlook, outlook@AWS, 
outlook@AWS, outlook, Outlook, 
overdue_fee, resit_fee, 
oversea_lecturer, ov_lecturer, lecturer, 
ov_lecturer, lecturer, oversea_lecturer, 
Pakistan, assistant, Parking, 
paper, Paper, Jasper, 
Paper, paper, Jasper, 
Parking, OpenParking, Marketing, 
Parking_Gate, Parking, ParkingRecord, 
ParkingRecord, Parking, Parking_Gate, 
passport_collection, duplicate_collection, passport_submission, 
passport_submission, submission, event_submission, 
password, Password, gims_password, 
Password, password, ResetPassword, 
password_change, access_change, password, 
password_reset, password, password_change, 
payment, fee_payment, visa_payment, 
Payslip, e-payslip, 
PC, PCK, APLC, 
PC_hang, change, 
PCK, PC, 
pdf_generation, obe_integration, dissertation, 
Permission, session, missing, 
PGDBank, Blank, 
phishing, missing, printing, 
phone, telephone, pointer, 
photo, photocache, wrong_photo, 
photocache, photo, cache, 
photo_update, update, photocache, 
picture, lecturer, duplicate, 
PL, PLO, APLC, 
PLECS, APLC, 
PLO, PO, PL, 
PO, POS, PLO, 
pointer, printer, interim, 
Policy, Public, 
POS, PO, PLO, 
print, uprint, printer, 
printer, pointer, print, 
PRINTER, PRINTERWORKSPACE, 
Printer_Toner, internet, printer, 
PRINTERWORKSPACE, PRINTER, 
printing, Printing, print, 
Printing, printing, Parking, 
profile, role, missing_profile, 
program_code, program_leader, programme, 
program_leader, program_code, programme, 
programme, new_programme, program_code, 
Programme_school, program_code, programme, 
progression_report, Aging_Report, 
project, Projector, MS_Project, 
Projector, project, MS_Project, 
Project_SAR, Projector, project, 
Public, Policy, Publicwebsite, 
Publicwebsite, multisite, Public, 
query, user, same_query, 
question, testing, session, 
RAM, AMR, 
Reader, Reminder, speaker, 
Reallocation, MentorReallocation, application, 
Recall, decimal, 
Recording, record_missing, forwarding, 
record_missing, lecturer_missing, classcode_missing, 
Redirection, Registeration, email_creation, 
referenceletter, release_letter, 
refferal_student, new_student, student, 
refresh, efrei, eforms, 
Registeration, AppRegistration, dissertation, 
release_letter, referenceletter, exam_release_date, 
relocate, remote, Create, 
relocatedesktop, relocate, 
remarks_reccommendation, wrong_reccommendation, accommodation, 
reminder, Reminder, fee_reminder, 
Reminder, reminder, Reader, 
remote, relocate, report, 
remotelab@apu, roam@apu, remote, 
REMOVE, REMOVE_ACCOUNT, MOHE, 
REMOVE_ACCOUNT, REMOVE, 
renewal_list, new_list, Event_list, 
renovation, creation, Orientation, 
reorganisation, renovation, e-orientation, 
rep, report, erp, 
Repeat, Reset, repeated, 
repeated, Repeat, Create, 
Replacement, Mouse_Replacement, Screen_Replacement, 
replyToDingDong, DingDong, 
ReplyToWebspace, Webspace, WebspaceID, 
report, Report, rep, 
Report, report, Repeat, 
report_engine, report_engine_fail, unreal_engine, 
report_engine_fail, report_engine, 
reportnotrunning, corporate_training, 
request, Request, new_request, 
Request, request, question, 
reset, resit, Reset, 
Reset, reset, Result, 
ResetPassword, RestetPassword, Reset_Password, 
Reset_Password, ResetPassword, RestetPassword, 
Resign, testing, session, 
resit, reset, resit_fee, 
resit_fee, resit, Website, 
Resolved, solved, Solved, 
restart, e-start, resit, 
RestetPassword, ResetPassword, Reset_Password, 
Result, WebResult, results, 
results, Result, resit, 
revenue, evidence, 
revert_mentor, careercentre, Advertisement, 
reza, Stream, Create, 
rnd, yearEnd, 
roam@apu, onboard@apu, 
role, profile, enrol, 
room, Room, new_room, 
Room, room, 
Round_1, Round_3, Round_2, 
Round_2, Round_3, Round_1, 
Round_3, Round_2, Round_1, 
s, Ms, 
same_query, query, 
sap, scrap, sas, 
SAR, SETARA, AMR, 
sas, status, sap, 
Scanning, aging, 
schedule, scheduling, exam_schedule, 
scheduling, Scheduling, schedule, 
Scheduling, scheduling, schedule, 
scheme, schemes, Scheme, 
Scheme, scheme, schemes, 
schemes, scheme, Scheme, 
scrap, sap, script, 
Screen_Replacement, Replacement, Mouse_Replacement, 
script, scripts, Script, 
Script, script, scripts, 
scripts, script, Script, 
SDK, SKY, 
security, script, scripts, 
security_investigation, investigation, investigations, 
self_resolved, self-solve, Resolved, 
self-solve, self_resolved, Resolved, 
semester, master, schemes, 
sensors, eforms, Mentor, 
Server, driver, Survey, 
session, submission, Permission, 
setara, speaker, restart, 
SETARA, SAR, SIET, 
setting, testing, Testing, 
SIET, SETARA, 
SIP, SIP2, 
SIP2, SIP, 
SKY, SDK, 
slides, solidworks, Walkies, 
slow, slowness, 
slowness, slow, Cashless, 
SMS, SSO, SSL, 
smtp, jsmp, Desktp, 
software, Software, LabSoftware, 
Software, software, LabSoftware, 
solidworks, slides, 
solved, Resolved, Solved, 
Solved, solved, Resolved, 
SPACE, SPAM, 
spam, Spam, 
Spam, spam, Stream, 
SPAM, SPACE, 
speaker, speed, setara, 
speed, speaker, repeated, 
spoof, photo, 
SQL, MySQL, SSL, 
ssid, slides, 
SSL, SSO, SQL, 
SSO, SSL, SMS, 
staff, StaffNEW, 
STAFF, NEW_STAFF, 
staff_appraisal, Appraisal, 
staff_directory, Directory, ActiveDirectory, 
StaffNEW, staff, 
Stanza, cortana, 
statistic, status, 
status, statistic, sas, 
Stream, teams, reza, 
student, student_ID, new_student, 
student_affa, student_data, student, 
student_data, student_affa, student, 
student_exam_schedule, exam_schedule, student_results, 
student_ID, student, student_data, 
Student_ID_changes, student_ID, 
StudentList, student, student_not_listed, 
student_not_listed, notlisted, student_survey, 
student_results, student_survey, studentservices, 
studentservices, student_survey, student_results, 
student_survey, studentservices, student_results, 
submission, event_submission, session, 
subscription, script, submission, 
support, Support, techsupport, 
Support, support, techsupport, 
Survey, Server, 
Sync, synch, 
synch, Sync, 
system, item, 
tablet, Cable, timetable, 
Team, Teams, exam, 
teams, Teams, Stream, 
Teams, Team, teams, 
tech_logistic, Logistic, 
technicalsupport, techsupport, support, 
techsupport, technicalsupport, support, 
telephone, phone, Headphones, 
Template, repeated, relocate, 
test, testing, teams, 
testing, Testing, test, 
Testing, testing, setting, 
Thermal, Face-Thermal, email, 
thumbdrive, driver, Xdrive, 
ticket, view_ticket, wrong_ticket, 
timetable, title, tablet, 
time_zo, timezone, 
timezone, time_zo, 
titan, turnitin, Pakistan, 
title, Titles, timetable, 
Titles, title, test, 
Toner, pointer, none, 
TONER, DONE, 
tranfer, visa_transfer, transfer_mark, 
Transcript, script, InterimTranscript, 
#transferAttendance, transferClassAttendance, transfer_finance, 
transferClassAttendance, #transferAttendance, transfer_finance, 
transfer_finance, #transferAttendance, transfer_mark, 
transfer_mark, transfer_marks, tranfer, 
transfer_marks, transfer_mark, transfer_finance, 
transix, transix_admin, 
transix_admin, transix, 
turnitin, Turnitin, printing, 
Turnitin, turnitin, printing, 
type, MathType, 
UI_Improvement, Improvement, 
unable_to_find_student, new_student, 
unhealthy, Health, 
Unintended, internet, Unlisted, 
UniTime, APTime, 
unity, country, unlistes, 
unlisted, unllisted, unlistes, 
Unlisted, unlisted, listed, 
unlistes, unlisted, unllisted, 
unllisted, unlisted, unlistes, 
unlock, lock, block, 
UnLock, unlock, lock, 
unreal_engine, report_engine, 
unsubscribe, subscription, 
update, Update, _date, 
Update, update, _date, 
update_module_name, update_module_version, upgrade_module_code, 
update_module_version, update_module_name, upgrade_module_code, 
update_title, update, update_module_name, 
upgrade, grade, graduate, 
upgrade_module_code, change_module_code, wrong_module_code, 
upload, upload_mark, Duplicated, 
upload_mark, upload, 
uprint, print, printer, 
user, Cluster, username, 
UserCancel, insurance, cancel, 
user_issue, user_rule, issue, 
username, course_name, user, 
user_role, user_rule, self_resolved, 
user_rule, user_role, user_issue, 
vd, vd1, 
vd1, vd, 
video, view, evidence, 
view, View, labview, 
View, view, ie, 
view_ticket, ticket, wrong_ticket, 
Virtual, Virus, VirtualLab@APU, 
virtual_graduation, graduation, Graduation, 
VirtualLab@APU, Virtual, VirtualLab_software, 
VirtualLab_software, LabSoftware, VirtualLab@APU, 
Virus, Visa, Virtual, 
Visa, Visio, Virus, 
visa_cancel, cancel, visa_transfer, 
visa_expiry, visa_payment, 
visanimmigration, Migration, exit_application_immigration, 
visa_payment, payment, fee_payment, 
visa_renew, visa_transfer, visa_cancel, 
visa_transfer, intake_transferred, tranfer, 
Visio, visitor, Visa, 
visitor, Visio, 
VMware, are, 
VOIP, VOIP&VPN, 
VOIP&VPN, VOIP, 
voucher, othere, Docker, 
vw, view, 
Walkies, slides, 
Webcam, Webinar, exam, 
Webinar, Webcam, 
WebInterimTranscript, InterimTranscript, Transcript, 
WebResult, Result, results, 
Website, APUWebsites, resit, 
webspace, Webspace, WebspaceID, 
Webspace, WebspaceID, webspace, 
WebspaceID, Webspace, webspace, 
whiteboard, Keyboard, dashboard, 
wifi, wiif, 
wiif, wifi, 
Windows, windows_issue, 
windows_issue, non-issue, user_issue, 
WordPress, WorldShare, 
working, booking, Parking, 
workspace, Workspace, WorkSpace, 
Workspace, workspace, WorkSpace, 
WorkSpace, Workspace, WorkSpaces8Dec, 
WorkSpaces8Dec, WorkSpace, Workspace, 
WorkSpaces_Disconnection, WorkSpaces8Dec, 
WorldCat, WorldShare, 
WorldShare, WorldCat, WorkSpace, 
wrong, working, wrong_photo, 
wrong_class_dates, wrong_data_entry, 
wrong_data_entry, wrong_ticket, wrong_class_dates, 
wrong_email_phone, wrong_photo, wrong_reccommendation, 
wrong_intake_setting, intake_setting, wrong_setting, 
wrong_module_code, change_module_code, upgrade_module_code, 
wrong_photo, wrong_email_phone, wrong, 
wrong_reccommendation, remarks_reccommendation, accommodation, 
Wrong_request, new_request, change_request, 
wrong_setting, wrong_intake_setting, setting, 
wrong_ticket, view_ticket, ticket, 
xcode, code, mode, 
Xdrive, driver, thumbdrive, 
yearEnd, rnd, 
